"Name","Gal.long","Gal.lat","R.sol.kpc","R.GC.kpc","m.H.metal","Mv","r.core.pc","r.tidal.pc","conc","log.t.rad","log.rho.cen","s0.km.s","V.esc.km.s","VHB.magl","E.B.V.mag","B.V.mag","Ellipt","V.t.mag","Cent.surf.bright"
"NGC_104",0.895375136971444,-1.66412729397078,-0.624192843265986,-0.300451444311691,1.07529840728484,-1.71841833103486,-0.501152948501784,0.455555153788105,0.921253074944096,-0.296064197934115,1.07130872348587,2.196447314146,2.38084231534545,-1.22161319710258,-0.754044309347238,-0.25345854058913,-1.924556642866,-0.427729751566259,-1.65037191647421
"NGC_288",-0.129736893351308,-3.28974696646837,-0.4455627044728,-0.110370050264571,-0.0482807838361515,0.299213415467731,0.270370666112722,-0.162394136207792,-1.23661496940776,0.885999525669502,-0.862572353293779,-0.780703722174954,-0.81941613850472,-0.755582557031437,-0.754044309347238,-0.328394995670792,-0.4906666688495,-1.07929735239776,0.304774230583111
"NGC_362",0.866426900638582,-1.71382032059692,-0.420752962973746,-0.214914816990487,-0.0482807838361515,-0.911365632433822,-0.501152948501784,-0.456781995390386,0.201963726826809,-0.403524536443536,0.942383318367225,1.36628019824881,1.35511845193193,-0.716746670358842,-0.754044309347238,-0.328394995670792,-1.057553402763,0.549621649680996,-1.46933986582076
"NGC_1261",0.661139522159085,-1.92866958277462,-0.0535687887877525,0.184256110508465,0.326245613204181,-0.507839283133304,-0.192543502655982,-0.159741993332273,-0.517325621290477,0.456158171631823,-0.0890199225819202,-0.00778951082239915,-0.0877331159364124,-0.250716030287703,-0.754044309347238,-0.328394995670792,-0.457320390384,1.2011892505125,-0.527973202422787
"Pal_1",-0.269377356027907,0.671079567555874,-0.17265554798321,0.279296807532025,0.700772010244513,3.05664346902127,-0.479109416655655,-0.615910567921518,0.00415915609455565,-1.15574690600947,-0.604721543056493,-1.38185921989361,-1.30492543385378,-0.173044256942514,-0.423165164648599,-0.178522085507468,1.343378646753,-0.753513551982011,0.811663972412787
"NGC_1466",0.768188377797312,-1.46864369658121,1.10256516506815,1.13941511559524,-1.54638637199748,-0.306076108483046,0.00584828395917693,0.816246584858672,0.00415915609455565,0.671078848650663,-0.540258840497171,-0.523065651724102,-0.525375297659512,0.603673476509383,-0.588604736997918,-0.478267905834115,0.342990292788,0.549621649680996,0.0151229495375809
"AM_1",0.580455421807996,-1.79493687876605,4.92326535592241,4.91728282228175,-0.61007037939665,1.71155563801954,1.4827649176498,1.00985301477155,-1.23661496940776,1.20838054119776,-2.15182640448021,-1.38185921989361,-1.3391162293009,1.41922709663387,-0.754044309347238,-0.403331450752453,2.076996772994,-0.101945951150507,1.75303063581076
"Eri",0.313826929268475,-1.53404848897884,3.35032774488241,3.60096916850545,0.326245613204181,1.4425380718192,0.755328366727554,1.12389515841886,-0.87697029534912,0.885999525669502,-1.76505018912428,-1.32460631534897,-1.27757279749609,1.14737588992571,-0.754044309347238,-0.328394995670792,1.7101877098735,-1.40508115281351,1.35476012437315
"Ret",0.648685818656618,-1.49531715940259,1.64837947804733,1.7524276113972,-1.17185997495715,0.769994156318334,2.6290285736485,2.74435445536089,0.00415915609455565,1.63822189523544,-2.21628910703953,-1.29597986307666,-1.26389647931724,0.759017023199762,-0.754044309347238,-0.478267905834115,1.0432621405635,-1.40508115281351,1.64441140541868
"Pal_2",-0.0013577583099195,-0.3553006662148,-0.177617496283021,0.369585469704407,-0.61007037939665,-0.171567325382873,-0.545240012194041,-0.812169140709915,0.0221413897974878,-0.940826228990635,1.13577142604519,0.822377605074789,0.801227565688635,1.41922709663387,1.72754927589255,0.645778920390809,1.14330097596,-0.101945951150507,0.123742179929655
"NGC_1841",0.836551260853408,-1.12554257891988,1.17699438956531,1.13466308074406,-0.422807180876484,-0.23882171693296,1.13006840811174,1.35993587434004,-0.87697029534912,1.4233012182166,-1.31381127120903,-0.866583078991904,-0.867283252130684,0.642509363181977,-0.588604736997918,-0.328394995670792,0.4430291281845,-1.40508115281351,0.703044742020713
"NGC_1851",0.488708723132906,-1.30421824083297,-0.257008669079992,0.131983727145507,0.138982414684014,-0.844111240883736,-0.56728354404017,-0.393130566377933,1.10107541197342,-1.15574690600947,1.39362223628248,1.22314793688723,1.43033820191559,-0.444895463650678,-0.754044309347238,-0.328394995670792,-0.824129453504499,0.223837849265244,-1.79519755699698
"NGC_1904",0.374240639876187,-1.09631138678686,-0.207389186081885,0.241280528722601,-0.235543982356318,-0.507839283133304,-0.457065884809526,-0.0695691355646311,0.561608400885452,-0.403524536443536,0.555607103011296,0.163969202811502,0.226822202177066,-0.406059576978084,-0.754044309347238,-0.403331450752453,-0.590705504245999,-1.07929735239776,-0.998656534121771
"NGC_2298",0.496127950751397,-0.608881257968751,-0.326475945277343,0.084463378633727,-1.35912317347731,0.433722198567903,-0.324804693732754,-0.496564138523169,-0.697147958319799,0.026316817594143,-0.153482625141242,-0.551692103996419,-0.573242411285477,-0.406059576978084,-0.423165164648599,-0.403331450752453,-0.123857605729,-1.40508115281351,-0.165909101115875
"NGC_2419",0.0638254557668229,0.898352086390106,3.68277828096973,4.03815637481382,-1.17185997495715,-1.71841833103486,1.83546142718786,6.40961590932797,-0.337503284261156,2.06806324927312,-1.18488586609039,-0.1795482244563,-0.217658138635458,1.2638835499435,-0.754044309347238,-0.478267905834115,0.2429514573915,-0.753513551982011,0.304774230583111
"AM_2",0.512688726685529,-0.238741287584382,2.01060170393351,2.23713516621736,0.00789817571989798,0.366467807017817,5.11994767226104,1.47397801798735,0.00415915609455565,2.39044426480138,-2.21628910703953,-1.18147405398739,-1.18867672933359,1.49689886997907,0.0731535523993589,0.00132540668851926,1.476763760615,-1.40508115281351,2.11509473711767
"NGC_2808",0.738312738012139,-0.43495566477728,-0.381057376575261,-0.134130224520461,-0.235543982356318,-1.65116393948477,-0.457065884809526,-0.104046992946376,0.381786063856131,-0.0811435209152764,0.942383318367225,2.45408538459685,2.45606206532911,-0.406059576978084,-0.423165164648599,-0.25345854058913,-1.1575922381595,-0.427729751566259,-1.39692704555937
"E_3",0.805085786578558,-0.718863618369239,-0.440600756172989,-0.224418886692843,0.700772010244513,1.9133188126698,0.380588325343365,-0.475346995519018,0.00415915609455565,0.671078848650663,-1.507199378887,-1.29597986307666,-1.27073463840667,-0.406059576978084,-0.25772559229928,-0.103585630425807,0.5764142420465,0.223837849265244,1.46337935476523
"UKS_2",0.697308256799229,-0.133874385807172,-0.405867118074314,-0.119874119966927,1.82435120136551,1.9133188126698,-0.170499970809853,-0.897037712726519,0.00415915609455565,0.133777156103564,-0.733646948175136,-1.12422114944276,-1.14764777479705,0.215314609783435,0.404032697097997,0.346033100064162,1.14330097596,-1.40508115281351,1.31855371424246
"Pal_3",0.459760486800044,1.50599549285526,3.50911009047635,3.66274562157076,-0.61007037939665,0.702739764768248,2.03385321380302,1.74980087704131,-1.05679263237844,1.53076155672602,-1.95843829680225,-1.23872695853202,-1.21602936569128,1.2638835499435,-0.588604736997918,-0.403331450752453,1.4434174821495,-0.753513551982011,1.46337935476523
"NGC_3201",0.705456158558822,0.291804849629936,-0.604345050066743,-0.233922956395199,-0.422807180876484,-0.306076108483046,-0.258674098194368,0.246035866622114,0.0221413897974878,0.241237494612984,-0.153482625141242,-0.322680485817884,-0.320230524976809,-0.949761990394411,-0.423165164648599,-0.25345854058913,-0.990860845831999,1.2011892505125,-0.165909101115875
"ESO_093-SC?08",0.813299931441887,-0.171509545678435,2.0999167733301,2.00428545850964,0.00789817571989798,0.0974502408174718,-0.368891757425011,0.858680870866974,0.00415915609455565,-0.188603859424696,-0.0890199225819202,-0.63757146081337,-0.5800805703749,1.84642185003242,0.569472269447317,0.00132540668851926,1.6434951529425,-1.40508115281351,0.59442551162864
"Pal_4",0.20903033915729,2.59960746853188,3.77705529866613,3.88609125957613,0.138982414684014,0.904502939418507,2.60698504180237,1.08146087241056,0.00415915609455565,1.74568223374486,-2.08736370192089,-1.26735341080434,-1.2502201611384,1.2638835499435,-0.754044309347238,-0.328394995670792,1.543456317546,-1.40508115281351,1.53579217502661
"NGC_4147",0.543955471649169,2.79655262552811,0.0059745908099762,0.260288668127313,-0.61007037939665,0.702739764768248,-0.457065884809526,-0.178306993460905,0.381786063856131,-0.725905551971795,0.104368185096044,-0.752077269902637,-0.682652956716252,-0.13420837026992,-0.754044309347238,-0.403331450752453,0.209605178926,-0.753513551982011,-0.419353972030713
"NGC_4372",0.862916016140546,-0.384897248249483,-0.609306998366554,-0.324211618567581,-0.797333577916816,-0.373330500033132,0.226283602420464,0.0577337224602746,-0.87697029534912,0.993459864178922,-0.669184245615815,-0.408559842634835,-0.484346343122972,-0.677910783686247,0.0731535523993589,-0.103585630425807,-0.790783175038999,1.52697305092825,0.485806281236566
"Rup_106",0.862187341999444,0.40251798983375,0.472397730992185,0.431361922769721,0.00789817571989798,0.0301958492673857,1.0198507488811,1.22202444481306,0.00415915609455565,1.4233012182166,-1.37827397376835,-0.952462435808855,-0.949341161203766,0.487165816491599,-0.423165164648599,0.00132540668851926,0.4430291281845,-1.40508115281351,0.992696023066243
"NGC_4590",0.853840710928642,1.29333857008754,-0.37609542827545,-0.205410747288131,-0.984596776436982,-0.171567325382873,-0.236630566348239,1.03372230065122,0.0221413897974878,0.241237494612984,-0.282408030259885,-0.551692103996419,-0.518537138570089,-0.639074897013653,-0.754044309347238,-0.403331450752453,-0.624051782711499,-0.101945951150507,-0.202115511246566
"NGC_4833",0.880139223112043,-0.316569336638548,-0.564649463668258,-0.333715688269937,-1.17185997495715,-0.507839283133304,-0.170499970809853,-0.247262708224395,-0.87697029534912,0.563618510141242,-0.0890199225819202,0.163969202811502,0.0285155885837861,-0.677910783686247,-0.25772559229928,-0.25345854058913,-0.857475731969999,-0.427729751566259,-0.238321921377257
"NGC_5024",1.07469521878622,2.89045783025544,0.0655179704077049,0.227024424169067,-0.984596776436982,-1.24763759018425,-0.126412907117595,1.98584159296249,0.201963726826809,0.671078848650663,-0.0890199225819202,0.278475011900769,0.288365633981877,-0.13420837026992,-0.754044309347238,-0.478267905834115,-0.724090618107999,1.2011892505125,-0.600386022684169
"NGC_5053",1.09264709989882,2.86086124822075,-0.0684546336871847,0.108223552889617,-1.17185997495715,0.635485373218162,1.87954849088012,0.543075868680228,-1.41643730643708,1.63822189523544,-1.76505018912428,-1.15284760171507,-1.15448593388647,-0.250716030287703,-0.754044309347238,-0.478267905834115,0.1095663435295,-0.101945951150507,1.20993448385039
"NGC_5139",0.916572930167133,0.523096657382459,-0.594421153467122,-0.352723827674649,-0.422807180876484,-2.25645346343555,0.270370666112722,0.598770869066124,-0.697147958319799,1.53076155672602,-0.0245572200225989,2.3682060277799,1.99790540633774,-1.0662696504122,-0.588604736997918,-0.328394995670792,-2.0245954782625,-0.753513551982011,-0.817624483468316
"NGC_5272",-0.851323022353295,2.85209189058085,-0.336399841876964,-0.086609876008681,0.138982414684014,-1.44940076483451,-0.324804693732754,1.96992873570938,0.561608400885452,0.241237494612984,0.362218995333331,0.765124700530155,0.842256520225175,-0.600239010341058,-0.754044309347238,-0.328394995670792,-1.2242847950905,-0.753513551982011,-0.998656534121771
"NGC_5286",0.933199949205001,0.362325100650847,-0.371133479975639,-0.319459583716403,-0.422807180876484,-0.911365632433822,-0.479109416655655,-0.247262708224395,0.381786063856131,-0.296064197934115,0.813457913248582,1.02276277098101,1.0542394519973,-0.406059576978084,-0.423165164648599,-0.25345854058913,-0.824129453504499,1.2011892505125,-1.10727576451385
"AM_4",0.990632720144569,1.2005295350652,0.651027869785371,0.531154654644459,-1.54638637199748,3.59467860142196,0.138109475035949,-0.21278485084265,0.00415915609455565,0.026316817594143,-2.02290099936157,-1.49636502898287,-1.42801229746341,0.370658156473814,-0.588604736997918,-0.478267905834115,2.1103430514595,-1.40508115281351,2.07888832698698
"NGC_5466",-0.851852967183187,2.66501226092952,-0.0684546336871847,0.093967448336083,-0.984596776436982,-0.0370585422827003,0.99780721703497,1.4103265889749,-0.87697029534912,1.31584087970718,-1.31381127120903,-0.923835983536538,-0.935664843024919,-0.250716030287703,-0.754044309347238,-0.478267905834115,-0.2238964411255,0.223837849265244,0.703044742020713
"NGC_5634",1.13590384663877,1.77601863018404,0.388044609895402,0.298304946936737,-0.797333577916816,-0.507839283133304,-0.236630566348239,0.320295867136643,-0.157680947231834,0.348697833122403,-0.0890199225819202,-0.122295319911667,-0.128762070472953,0.215314609783435,-0.588604736997918,-0.403331450752453,-0.0905113272634996,1.2011892505125,-0.455560382161404
"NGC_5694",1.06204278597255,1.08543171604144,0.700647352783478,0.521650584942103,-0.984596776436982,-1.04587441553399,-0.501152948501784,2.51627016806627,1.46072008603206,-0.725905551971795,0.74899521068926,0.135342750539185,0.377261702144382,0.448329929819003,-0.588604736997918,-0.403331450752453,-0.1572038841945,0.875405450096748,-1.03486294425246
"IC_4499",0.90498038701324,-0.771845154110338,0.0407082289086513,0.0226869255684131,-0.797333577916816,-0.373330500033132,0.843502494112069,1.06289587228193,-0.87697029534912,1.4233012182166,-1.12042316353107,-0.666197913085686,-0.716843752163369,0.176478723110839,-0.423165164648599,-0.25345854058913,-0.0571650487979998,-0.753513551982011,0.666838331890022
"NGC_5824",1.07197925153302,0.782523487563013,0.368196816696159,0.170000005954931,-1.17185997495715,-1.71841833103486,-0.523196480347913,2.63826874034014,1.46072008603206,-0.725905551971795,1.07130872348587,1.28040084143186,1.64232113368772,0.292986383128624,-0.588604736997918,-0.403331450752453,-0.590705504245999,-0.101945951150507,-1.43313345569007
"Pal_5",-1.12537074251131,1.65142067371704,0.209414471102216,0.098719483187261,-0.0482807838361515,1.37528368026911,3.35646512457074,1.86384302068863,0.00415915609455565,1.74568223374486,-2.47413991727682,-1.38185921989361,-1.3391162293009,0.0599710630930545,-0.754044309347238,-0.328394995670792,0.709799355908499,0.223837849265244,2.0064755067256
"NGC_5897",1.14080583631528,1.0828739867298,-0.266932565679614,-0.366979932228183,-0.235543982356318,0.0301958492673857,0.358544793497237,-0.0960905643198198,-0.697147958319799,0.993459864178922,-0.991497758412422,-0.809330174447271,-0.81941613850472,-0.367223690305488,-0.588604736997918,-0.328394995670792,-0.323935276522,-0.101945951150507,0.485806281236566
"NGC_5904",-1.10543156828661,1.686132714375,-0.475334394271665,-0.371731967079361,-0.422807180876484,-1.18038319863417,-0.39093528927114,0.556336583057822,0.381786063856131,0.026316817594143,0.491144400451974,0.822377605074789,0.883285474761716,-0.833254330376627,-0.754044309347238,-0.403331450752453,-1.324323630487,1.52697305092825,-1.07106935438315
"NGC_5927",1.03256460480979,0.153687466801415,-0.415791014673936,-0.443012489847031,1.26256160580501,-0.709602457783563,-0.346848225578883,-0.204828422216094,-0.157680947231834,0.241237494612984,0.233293590214688,0.392980820990037,0.349909065786688,-0.211880143615109,-0.0922860199499604,0.0462872797375161,-0.524012947314999,-0.753513551982011,-0.383147561900022
"NGC_5946",1.03899018587223,0.129206343390011,-0.395943221474693,-0.443012489847031,0.138982414684014,-0.0370585422827003,-0.523196480347913,-0.438216995261754,0.381786063856131,-0.725905551971795,0.74899521068926,0.106716298266868,0.158440611282832,-0.0177007102521349,0.238593124748678,0.0462872797375161,-0.0571650487979998,1.2011892505125,-0.491766792292095
"BH_176",1.0445546065861,0.134687191914952,3.39994722788051,3.03547702121526,0.00789817571989798,-0.642348066233477,1.83546142718786,2.93000445664721,0.00415915609455565,1.85314257225428,-1.507199378887,-0.809330174447271,-0.812577979415297,2.07943717006799,0.404032697097997,0.00132540668851926,1.476763760615,-1.40508115281351,1.5719985851573
"NGC_5986",1.10158991890325,0.460980374099791,-0.331437893577153,-0.462020629251743,-0.61007037939665,-0.911365632433822,-0.280717630040497,-0.127916278826046,-0.337503284261156,0.348697833122403,0.233293590214688,0.593365986896254,0.520863043022274,-0.289551916960299,-0.25772559229928,-0.25345854058913,-0.724090618107999,1.2011892505125,-0.600386022684169
"Pal_14",-0.94048623998266,1.51732257980681,2.8839046047002,2.63630609371631,0.138982414684014,1.50979246336928,3.04785567872494,1.57475944725707,0.00415915609455565,1.63822189523544,-2.47413991727682,-1.38185921989361,-1.34595438839033,1.10854000325312,-0.754044309347238,-0.328394995670792,1.676841431408,1.2011892505125,2.0064755067256
"NGC_6093",1.20519413314718,0.687156723229035,-0.455486601072422,-0.538053186870591,-1.54638637199748,-0.575093674683391,-0.56728354404017,-0.568171996162179,0.741430737914774,-1.15574690600947,1.32915953372315,0.99413631870869,1.13629736107038,-0.561403123668462,-0.423165164648599,-0.328394995670792,-0.757436896573499,-0.427729751566259,-1.46933986582076
"NGC_6101",0.973873214899228,-0.602304239738821,-0.0535687887877525,-0.134130224520461,-0.61007037939665,0.0301958492673857,0.204240070574336,0.824203013485228,-0.517325621290477,0.885999525669502,-0.862572353293779,-0.780703722174954,-0.785225343057603,-0.173044256942514,-0.754044309347238,-0.403331450752453,-0.1572038841945,0.549621649680996,0.340980640713802
"NGC_6121",1.19399904861571,0.559635647548734,-0.748241550761255,-0.362227897377005,0.513508811724346,0.0301958492673857,-0.435022352963398,-0.440869138137273,-0.157680947231834,-0.403524536443536,0.362218995333331,-0.122295319911667,-0.115085752294106,-1.49346440381074,-0.0922860199499604,-0.0286491753441454,-1.2909773520215,0.549621649680996,-0.419353972030713
"NGC_6144",1.20029214347068,0.54977012020384,-0.381057376575261,-0.547557256572947,-0.797333577916816,0.0974502408174718,0.138109475035949,-0.279088422730622,-0.87697029534912,0.778539187160083,-0.733646948175136,-0.72345081763032,-0.751034547610486,-0.289551916960299,-0.25772559229928,-0.25345854058913,-0.19055016266,-1.07929735239776,0.522012691367257
"NGC_6139",1.13696373629856,0.229688566347268,-0.450524652772611,-0.547557256572947,-0.422807180876484,-0.642348066233477,-0.501152948501784,-0.361304851871707,0.0221413897974878,-0.403524536443536,0.877920615807903,1.10864212779796,1.06107761108673,0.09880694976565,0.404032697097997,0.121223734819178,-0.2238964411255,-1.07929735239776,-0.600386022684169
"Ter_3",1.15491561741116,0.311901294221387,0.497207472491238,0.217520354466711,0.00789817571989798,0.568230981668076,0.843502494112069,0.450250868037068,0.00415915609455565,1.20838054119776,-1.44273667632767,-1.06696824489812,-1.07242802481339,0.603673476509383,-0.25772559229928,0.00132540668851926,0.809838191304999,-1.40508115281351,1.20993448385039
"NGC_6171",-1.1086774803697,0.816870138319312,-0.544801670469015,-0.500036908061167,0.888035208764679,0.0974502408174718,-0.324804693732754,-0.0430477068094424,-0.517325621290477,0.026316817594143,-0.0245572200225989,-0.351306938090201,-0.38177395678162,-0.639074897013653,-0.25772559229928,-0.0286491753441454,-0.4906666688495,-1.40508115281351,-0.0934962808544922
"ESO_452-SC-11",1.2001596572632,0.418229755605248,-0.341361790176775,-0.552309291424125,0.700772010244513,1.98057320421989,-0.346848225578883,-0.867864141095811,0.00415915609455565,-0.403524536443536,-0.540258840497171,-1.12422114944276,-1.12029513843935,-0.211880143615109,-0.25772559229928,-0.103585630425807,0.809838191304999,-1.40508115281351,0.630631921759331
"NGC_6205",-0.740100851179667,1.47091806229564,-0.500144135770718,-0.262435165502267,-0.422807180876484,-1.11312880708408,-0.236630566348239,0.328252295763199,-0.337503284261156,0.563618510141242,0.168830887655366,0.650618891440888,0.575568315737661,-0.872090217049222,-0.754044309347238,-0.403331450752453,-1.324323630487,1.2011892505125,-0.817624483468316
"NGC_6218",-1.02686724725509,0.937448805868021,-0.589459205167311,-0.447764524698209,-0.984596776436982,-0.306076108483046,-0.21458703450211,-0.398434852128971,-0.697147958319799,0.456158171631823,-0.0890199225819202,-0.0936688676393496,-0.16295286592007,-0.910926103721816,-0.423165164648599,-0.328394995670792,-0.957514567366499,0.875405450096748,-0.274528331507948
"NGC_6229",-0.643187190413128,1.44899466819588,0.71553319768291,0.783012501756893,-0.0482807838361515,-0.709602457783563,-0.258674098194368,0.227470866493482,-0.157680947231834,0.348697833122403,0.0399054825367227,0.163969202811502,0.131087974925138,0.33182226980122,-0.754044309347238,-0.403331450752453,-0.0905113272634996,0.549621649680996,-0.672798842945551
"NGC_6235",1.24659607298251,0.470115121641359,-0.381057376575261,-0.576069465680015,-0.422807180876484,0.635485373218162,-0.457065884809526,-0.562867710411141,-0.157680947231834,-0.510984874952955,0.168830887655366,-0.580318556268736,-0.55956609310663,-0.211880143615109,-0.0922860199499604,-0.103585630425807,0.1095663435295,1.52697305092825,-0.0934962808544922
"NGC_6254",-1.03070934727181,0.819062477729289,-0.629154791565797,-0.433508420144675,-0.235543982356318,-0.306076108483046,-0.412978821117269,-0.316218422987886,0.201963726826809,-0.188603859424696,0.297756292774009,-0.0364159630947159,-0.0261896841316013,-0.988597877067007,-0.25772559229928,-0.178522085507468,-1.0242071242975,0.223837849265244,-0.491766792292095
"NGC_6256",1.17286749852375,0.0970520320436884,-0.400905169774504,-0.590325570233549,-0.422807180876484,0.50097659011799,-0.39093528927114,-0.671605568307415,-0.337503284261156,-0.188603859424696,-0.0245572200225989,-0.551692103996419,-0.55956609310663,0.370658156473814,0.734911841796636,0.271096644982501,0.543067963580999,1.52697305092825,0.59442551162864
"Pal_15",-1.00600066957809,0.863640045732144,2.6060354999108,2.27515144502678,0.138982414684014,1.10626611406877,5.42855711810684,1.74449659129028,0.00415915609455565,2.17552358778254,-2.53860261983614,-1.35323276762129,-1.32543991112205,1.14737588992571,-0.588604736997918,-0.25345854058913,1.543456317546,-1.40508115281351,2.11509473711767
"NGC_6266",1.2112222555872,0.243573382610452,-0.549763618768825,-0.542805221721769,0.138982414684014,-1.11312880708408,-0.523196480347913,-0.655692711054301,0.201963726826809,-0.510984874952955,1.20023412860451,2.22507376641831,2.16885938357332,-0.483731350323273,0.0731535523993589,-0.0286491753441454,-0.990860845831999,1.2011892505125,-1.2883078151673
"NGC_6273",1.23301623671652,0.31884370235298,-0.326475945277343,-0.566565395977659,-1.92091276903781,-1.71841833103486,-0.258674098194368,0.283165866879379,-0.157680947231834,0.671078848650663,0.426681697892652,1.96743569596746,1.8132751109233,-0.0953724835973244,-0.0922860199499604,-0.25345854058913,-0.957514567366499,-0.427729751566259,-0.781418073337625
"NGC_6284",1.24282021606953,0.339305536846094,-0.341361790176775,-0.580821500531193,0.138982414684014,-0.0370585422827003,-0.501152948501784,-0.35334842324515,0.381786063856131,-0.725905551971795,0.684532508129939,0.0208369414499176,0.0763827022097503,-0.250716030287703,-0.25772559229928,-0.178522085507468,-0.257242719590999,0.223837849265244,-0.745211663206934
"NGC_6287",-1.13014024598034,0.378767646225671,-0.495182187470907,-0.580821500531193,-0.61007037939665,0.299213415467731,-0.457065884809526,-0.613258425046,-0.157680947231834,-0.510984874952955,0.362218995333331,-0.294054033545568,-0.286039729529692,-0.289551916960299,0.0731535523993589,-0.0286491753441454,-0.0905113272634996,-1.07929735239776,-0.165909101115875
"NGC_6293",1.23798446949676,0.262208267595253,-0.470372445971854,-0.609333709638261,-0.984596776436982,-0.23882171693296,-0.523196480347913,-0.271131994104065,0.741430737914774,-0.940826228990635,0.877920615807903,0.221222107356136,0.322556429428994,-0.444895463650678,-0.0922860199499604,-0.178522085507468,-0.4906666688495,0.223837849265244,-0.853830893599007
"NGC_6304",1.22612695392792,0.172322351786216,-0.554725567068636,-0.547557256572947,1.63708800284534,-0.104312933832787,-0.501152948501784,-0.562867710411141,0.381786063856131,-0.725905551971795,0.74899521068926,0.192595655083819,0.219984043087642,-0.406059576978084,0.0731535523993589,0.196160189900839,-0.423974111918499,0.549621649680996,-0.564179612553478
"NGC_6316",1.23506977293235,0.186937947852726,-0.217313082681507,-0.485780803507633,1.44982480432518,-0.978620023983908,-0.457065884809526,0.283165866879379,0.741430737914774,-0.296064197934115,0.684532508129939,0.593365986896254,0.698655179347283,0.215314609783435,0.0731535523993589,0.121223734819178,-0.2905889980565,0.223837849265244,-0.600386022684169
"NGC_6325",-1.12457582526647,0.26841989592352,-0.544801670469015,-0.552309291424125,-1.17185997495715,0.635485373218162,-0.523196480347913,-0.668953425431896,-0.157680947231834,-0.833365890481214,0.620069805570617,-0.294054033545568,-0.279201570440269,0.0211351764204605,0.734911841796636,0.196160189900839,0.3096440143225,0.549621649680996,0.0513293596682726
"NGC_6341",-0.678296035393487,1.24985717178967,-0.470372445971854,-0.219666851841665,-0.984596776436982,-0.709602457783563,-0.457065884809526,-0.157089850456754,0.201963726826809,-0.296064197934115,0.684532508129939,0.765124700530155,0.760198611152094,-0.833254330376627,-0.754044309347238,-0.478267905834115,-1.0908996812285,1.52697305092825,-1.21589499490592
"NGC_6333",-1.09430272685888,0.367440559274126,-0.480296342571475,-0.580821500531193,-0.797333577916816,-0.575093674683391,-0.412978821117269,-0.249914851099914,-0.337503284261156,-0.0811435209152764,0.491144400451974,0.593365986896254,0.51402488393285,-0.444895463650678,-0.0922860199499604,-0.178522085507468,-0.657398061177,-1.07929735239776,-0.672798842945551
"NGC_6342",-1.09854228549801,0.331632348911176,-0.276856462279235,-0.523797082317057,1.07529840728484,0.0301958492673857,-0.501152948501784,-0.361304851871707,0.741430737914774,-0.833365890481214,0.555607103011296,-0.294054033545568,-0.18346734318834,0.0599710630930545,0.0731535523993589,0.121223734819178,0.0762200650640003,-0.101945951150507,-0.419353972030713
"NGC_6356",-1.08648604061797,0.349536454092651,-0.0237970989888882,-0.290947374609335,0.326245613204181,-1.24763759018425,-0.302761161886625,0.333556581514237,-0.157680947231834,0.456158171631823,0.297756292774009,0.99413631870869,0.93115258838768,0.176478723110839,-0.25772559229928,-0.103585630425807,-0.4906666688495,1.2011892505125,-0.672798842945551
"NGC_6355",1.25103436093286,0.174514691196192,-0.500144135770718,-0.599829639935905,0.138982414684014,0.0974502408174718,-0.523196480347913,-0.727300568693311,0.561608400885452,-0.940826228990635,0.684532508129939,-0.150921772183983,-0.067218638668142,-0.0177007102521349,0.404032697097997,0.196160189900839,0.00952750813299996,1.2011892505125,-0.202115511246566
"NGC_6352",1.13067064144359,-0.285511194997214,-0.524953877269772,-0.523797082317057,2.38614079692601,0.433722198567903,-0.324804693732754,-0.531041995904915,-0.337503284261156,-0.0811435209152764,-0.217945327700564,-0.666197913085686,-0.655300320358558,-0.794418443704032,-0.588604736997918,-0.0286491753441454,-0.4906666688495,-0.427729751566259,-0.0934962808544922
"Ter_2",1.22937286601101,0.0601476519757503,-0.356247635076207,-0.618837779340617,1.63708800284534,1.4425380718192,-0.545240012194041,-0.904994141353075,0.00415915609455565,-1.26320724451889,0.620069805570617,-0.666197913085686,-0.648462161269134,0.992032343235332,1.39667013119391,0.795651830554132,1.543456317546,1.52697305092825,0.703044742020713
"NGC_6366",-1.00904785234997,0.562193376860373,-0.653964533064851,-0.428756385293497,1.26256160580501,0.568230981668076,-0.0382387797330805,-0.525737710153877,-1.23661496940776,0.563618510141242,-0.604721543056493,-0.752077269902637,-0.79890166123645,-0.600239010341058,0.404032697097997,0.271096644982501,-0.257242719590999,1.2011892505125,0.847870382543478
"NGC_6362",1.02560907891746,-0.66588208262814,-0.470372445971854,-0.424004350442319,1.26256160580501,-0.104312933832787,0.182196538728207,-0.151785564705716,-1.41643730643708,0.993459864178922,-0.540258840497171,-0.408559842634835,-0.518537138570089,-0.755582557031437,-0.588604736997918,-0.178522085507468,-0.690744339642499,-0.753513551982011,0.0151229495375809
"HP_1",1.23665960742203,0.053205243844158,-0.381057376575261,-0.642597953596507,-0.61007037939665,0.0974502408174718,-0.479109416655655,-0.801560569207839,0.00415915609455565,-0.510984874952955,0.620069805570617,0.249848559628452,0.165278770372255,1.06970411658052,1.56210970354323,0.645778920390809,0.943223305166999,1.52697305092825,0.522012691367257
"Gri_1",1.21599175905623,-0.0293728739316242,-0.266932565679614,-0.533301152019413,0.00789817571989798,-0.575093674683391,-0.21458703450211,-0.350696280369631,-0.697147958319799,0.563618510141242,-0.0245572200225989,0.192595655083819,0.0968971794780205,3.4775290902814,4.54002200583098,0.00132540668851926,2.677229785373,0.549621649680996,3.05646140051564
"Lil_1",1.21956888665801,-0.0297382638332869,-0.460448549372232,-0.628341849042973,2.01161439988568,-0.642348066233477,-0.589327075886299,-0.94212414161034,0.921253074944096,-1.58558826004715,1.78039845163841,1.91018279142283,2.09363963358967,2.7784831301747,4.04370328878302,1.99463511186072,2.076996772994,-0.101945951150507,1.1737280737197
"NGC_6380",1.18869960031678,-0.148489981873682,-0.653964533064851,-0.447764524698209,0.138982414684014,0.50097659011799,-0.523196480347913,-0.971297713241047,-0.697147958319799,-0.833365890481214,0.813457913248582,0.221222107356136,0.103735338567444,0.292986383128624,1.56210970354323,0.645778920390809,0.5097216851155,-0.753513551982011,0.340980640713802
"Ter_1",1.23758701087434,0.0122815748579297,-0.326475945277343,-0.595077605084727,2.76066719396634,1.98057320421989,-0.545240012194041,-0.825429855087509,0.00415915609455565,-1.47812792153773,0.362218995333331,-1.00971534035349,-0.949341161203766,1.30271943661609,1.72754927589255,1.02046119579912,2.1103430514595,-1.40508115281351,1.28234730411177
"NGC_6388",1.15809528639051,-0.270164819127379,-0.182579444582832,-0.419252315591141,1.44982480432518,-1.92018150568512,-0.479109416655655,-0.279088422730622,0.381786063856131,-0.0811435209152764,1.26469683116383,3.88540799821269,3.84420836048207,-0.0177007102521349,-0.25772559229928,-0.0286491753441454,-0.957514567366499,-0.427729751566259,-1.61416550634352
"Ton_2",1.19280667274845,-0.148855371775344,-0.420752962973746,-0.614085744489439,0.00789817571989798,1.10626611406877,-0.21458703450211,-0.801560569207839,0.00415915609455565,0.241237494612984,-0.47579613793785,-0.866583078991904,-0.915150365756649,0.370658156473814,0.734911841796636,0.00132540668851926,0.876530748235999,-0.101945951150507,1.13752166358901
"NGC_6402",-0.989771109162636,0.516885029054192,-0.346323738476586,-0.471524698954099,-1.54638637199748,-1.5166551563846,-0.082325843425338,-0.356000566120669,-0.517325621290477,0.885999525669502,0.104368185096044,1.25177438915954,1.081592088355,0.09880694976565,0.238593124748678,-0.103585630425807,-0.690744339642499,0.875405450096748,-0.238321921377257
"NGC_6401",-1.10814753553981,0.121533155455093,-0.500144135770718,-0.599829639935905,0.700772010244513,-0.171567325382873,-0.501152948501784,-0.416999852257603,0.561608400885452,-0.725905551971795,0.620069805570617,-0.0650424153670329,0.0148392704049392,0.0211351764204605,0.569472269447317,0.271096644982501,-0.0571650487979998,0.223837849265244,-0.129702690985183
"NGC_6397",1.10914163272922,-0.460898347795336,-0.743279602461444,-0.357475862525827,-1.17185997495715,0.299213415467731,-0.501152948501784,-0.488607709896613,0.0221413897974878,-0.725905551971795,0.555607103011296,-0.208174676728617,-0.190305502277764,-1.68764383717371,-0.423165164648599,-0.328394995670792,-1.2909773520215,0.223837849265244,-0.745211663206934
"Pal_6",-1.11715659764798,0.0411473770892872,-0.559687515368447,-0.547557256572947,2.94793039248651,0.0301958492673857,-0.346848225578883,-0.804212712083358,0.00415915609455565,0.026316817594143,0.168830887655366,0.0208369414499176,-0.115085752294106,0.720181136527168,1.72754927589255,1.02046119579912,0.6431067989775,0.223837849265244,0.956489612935552
"NGC_6426",-0.944924527933007,0.569135784991965,0.0158984874095976,-0.000122841717241362,-0.984596776436982,0.50097659011799,-0.21458703450211,-0.141176993203641,0.0221413897974878,0.133777156103564,-0.604721543056493,-0.923835983536538,-0.880959570309531,0.292986383128624,-0.0922860199499604,-0.178522085507468,0.5097216851155,-0.427729751566259,0.59442551162864
"Ter_5",-1.10556405449408,0.0378588679743224,-0.500144135770718,-0.599829639935905,1.26256160580501,-0.171567325382873,-0.589327075886299,-0.920906998606189,0.00415915609455565,-1.80050893706599,1.97378655931637,1.79567698233356,1.87481854272811,1.72991419001463,2.72018670998847,1.32020701612576,1.410071203684,0.223837849265244,0.196155000191037
"NGC_6440",-1.07979548714058,0.114956137225163,-0.500144135770718,-0.585573535382371,1.63708800284534,-1.18038319863417,-0.56728354404017,-0.488607709896613,0.921253074944096,-1.04828656750005,1.52254764140112,2.13919440960136,2.33981336080891,0.448329929819003,1.06579098649527,0.645778920390809,-0.19055016266,0.223837849265244,-0.745211663206934
"NGC_6441",1.21089104006852,-0.206952366139722,-0.271894513979425,-0.528549117168235,2.38614079692601,-1.5166551563846,-0.501152948501784,-0.456781995390386,0.561608400885452,-0.403524536443536,1.20023412860451,2.5399647414138,2.61333972438585,-0.0565365969247289,-0.0922860199499604,0.121223734819178,-0.824129453504499,1.52697305092825,-1.39692704555937
"NGC_6453",1.22539827978682,-0.165297917350168,-0.321513996977532,-0.585573535382371,-0.235543982356318,-0.171567325382873,-0.501152948501784,-0.72995271156883,0.0221413897974878,-0.618445213462375,0.74899521068926,0.392980820990037,0.384099861233805,0.176478723110839,0.238593124748678,0.0462872797375161,0.0428737865984998,1.2011892505125,-0.527973202422787
"Ter_6",1.24427756435173,-0.102816244165838,-0.217313082681507,-0.495284873209989,0.00789817571989798,0.433722198567903,-0.545240012194041,-0.995166999120717,0.00415915609455565,-1.04828656750005,1.07130872348587,0.45023372553467,0.336232747607841,1.38039120996128,1.72754927589255,0.00132540668851926,1.410071203684,0.223837849265244,0.26856782045242
"UKS_1",-1.09701869411207,0.00387760711968636,-0.336399841876964,-0.599829639935905,0.326245613204181,-0.373330500033132,-0.457065884809526,-0.674257711182934,0.00415915609455565,-0.296064197934115,0.684532508129939,0.650618891440888,0.568730156648238,3.20567788357324,4.37458243348166,1.99463511186072,2.543844671511,1.52697305092825,2.33233319790182
"NGC_6496",1.17445733301343,-0.389647316971099,-0.539839722169204,-0.533301152019413,1.26256160580501,0.837248547868421,0.0940224113436919,-0.660996996805339,-1.59625964346641,0.778539187160083,-0.733646948175136,-0.866583078991904,-0.915150365756649,-0.910926103721816,-0.588604736997918,-0.178522085507468,-0.390627833452999,1.2011892505125,0.377187050844493
"Ter_9",-1.10715388898376,-0.0966046158375708,-0.505106084070529,-0.595077605084727,1.63708800284534,2.24959077042023,-0.545240012194041,-0.997819141996236,9.19308057829289,-4.37955706129207,-0.733646948175136,0.851004057347106,-0.115085752294106,-6.03726314450434,3.8782637164337,10.9870097216601,-3.191715224555,3.15589205300701,0.000640385485304776
"NGC_6517",-1.00361591784357,0.223111548117338,-0.549763618768825,-0.504788942912345,-0.235543982356318,-0.0370585422827003,-0.56728354404017,-0.653040568178783,0.921253074944096,-1.47812792153773,1.32915953372315,0.45023372553467,0.589244633916508,0.292986383128624,1.06579098649527,0.420969555145824,0.2429514573915,-1.40508115281351,-0.383147561900022
"Ter_10",-1.10172195447737,-0.091854547115955,-0.127998013284914,-0.404996211037607,0.00789817571989798,0.433722198567903,-0.501152948501784,-0.973949856116566,0.00415915609455565,-0.618445213462375,0.74899521068926,0.221222107356136,0.0968971794780205,1.80758596335982,2.05842842059119,0.00132540668851926,1.7768802668045,-1.40508115281351,0.811663972412787
"NGC_6522",-1.12417836664405,-0.167490256760145,-0.524953877269772,-0.576069465680015,-0.422807180876484,-0.171567325382873,-0.545240012194041,-0.637127710925669,0.201963726826809,-0.940826228990635,1.07130872348587,0.679245343713205,0.678140702079013,-0.367223690305488,0.0731535523993589,-0.0286491753441454,-0.423974111918499,0.223837849265244,-0.926243713860389
"NGC_6535",-0.950952650373031,0.357575031929231,-0.51006803237034,-0.481028768656455,-0.422807180876484,1.50979246336928,-0.523196480347913,-0.610606282170481,0.381786063856131,-1.26320724451889,0.168830887655366,-1.00971534035349,-0.935664843024919,-0.522567236995868,-0.25772559229928,-0.178522085507468,0.276297735857,1.2011892505125,0.0513293596682726
"NGC_6528",-1.12344969250295,-0.176625004301714,-0.51502998067015,-0.585573535382371,0.700772010244513,0.299213415467731,-0.545240012194041,-0.897037712726519,0.381786063856131,-1.26320724451889,1.07130872348587,0.163969202811502,0.213145883998219,-0.173044256942514,0.238593124748678,0.196160189900839,-0.0238187703324999,-1.07929735239776,-0.672798842945551
"NGC_6539",-0.993215750556935,0.223842327920664,-0.698622067763147,-0.400244176186429,0.513508811724346,0.568230981668076,-0.501152948501784,-0.825429855087509,-0.157680947231834,-0.833365890481214,0.555607103011296,-0.294054033545568,-0.279201570440269,-0.250716030287703,1.06579098649527,0.495906010227485,0.0428737865984998,0.875405450096748,0.377187050844493
"NGC_6544",-1.09231543374678,-0.104277803772489,-0.723431809262201,-0.390740106484073,-1.54638637199748,0.50097659011799,-0.523196480347913,-0.910298427104113,-0.337503284261156,-0.940826228990635,0.877920615807903,0.106716298266868,0.0627063840309033,-0.872090217049222,0.404032697097997,0.0462872797375161,-0.524012947314999,0.875405450096748,-0.383147561900022
"NGC_6541",1.18280396408423,-0.432763325367304,-0.505106084070529,-0.552309291424125,-1.17185997495715,-0.978620023983908,-0.479109416655655,0.556336583057822,0.741430737914774,-0.403524536443536,0.813457913248582,0.851004057347106,0.944828906566527,-0.794418443704032,-0.588604736997918,-0.403331450752453,-1.190938516625,1.2011892505125,-1.17968858477523
"NGC_6553",-1.09622377686723,-0.134605165610497,-0.569611411968068,-0.533301152019413,1.82435120136551,-0.844111240883736,-0.368891757425011,-0.68221413980949,-1.05679263237844,0.241237494612984,0.555607103011296,1.42353310279344,1.11578288380211,-0.0953724835973244,0.569472269447317,0.420969555145824,-0.524012947314999,0.549621649680996,-0.310734741638639
"NGC_6558",-1.12967654425418,-0.24385674620766,-0.415791014673936,-0.642597953596507,-0.235543982356318,0.50097659011799,-0.523196480347913,-0.714039854315717,0.201963726826809,-0.940826228990635,0.684532508129939,-0.265427581273251,-0.238172615903728,-0.211880143615109,-0.0922860199499604,-0.103585630425807,0.0762200650640003,-0.753513551982011,-0.491766792292095
"IC_1276",-0.986392710872073,0.183284048836098,-0.366171531675828,-0.504788942912345,1.07529840728484,-0.373330500033132,0.182196538728207,-0.191567707838499,0.00415915609455565,0.993459864178922,-0.604721543056493,-0.351306938090201,-0.429641070407584,0.487165816491599,0.734911841796636,0.420969555145824,0.2429514573915,-0.101945951150507,0.956489612935552
"Ter~11",-1.07562217160517,-0.100623904755861,0.323539281997863,0.032190995270769,0.00789817571989798,1.03901172251868,-0.302761161886625,-0.77769128332817,0.00415915609455565,-0.0811435209152764,-0.282408030259885,-0.809330174447271,-0.833092456683567,2.04060128339539,1.89298884824187,0.00132540668851926,2.277074443787,-1.40508115281351,1.71682422568007
"NGC_6569",-1.12782173734956,-0.267972479717402,-0.410829066374125,-0.637845918745329,0.700772010244513,-0.507839283133304,-0.412978821117269,-0.65834485392982,-0.157680947231834,-0.0811435209152764,0.426681697892652,0.45023372553467,0.404614338502075,-0.0565365969247289,0.238593124748678,0.121223734819178,-0.2905889980565,-1.07929735239776,-0.383147561900022
"NGC_6584",1.13544014491262,-0.623496854035261,-0.108150220085671,-0.314707548865225,-0.422807180876484,-0.373330500033132,-0.236630566348239,-0.135872707452603,-0.517325621290477,0.348697833122403,-0.0890199225819202,-0.150921772183983,-0.190305502277764,-0.173044256942514,-0.588604736997918,-0.328394995670792,-0.323935276522,-0.427729751566259,-0.383147561900022
"NGC_6624",-1.11251958038642,-0.312915437621921,-0.455486601072422,-0.614085744489439,1.07529840728484,-0.306076108483046,-0.56728354404017,-0.432912709510716,1.10107541197342,-1.37066758302831,1.26469683116383,0.478860177806987,0.650788065721319,-0.444895463650678,-0.25772559229928,-0.0286491753441454,-0.557359225780499,1.52697305092825,-1.2883078151673
"NGC_6626",-1.07933178541442,-0.227779590534499,-0.564649463668258,-0.533301152019413,-0.797333577916816,-0.776856849333649,-0.479109416655655,-0.467390566892462,-0.337503284261156,-0.188603859424696,0.877920615807903,1.45215955506576,1.29357502012712,-0.639074897013653,-0.0922860199499604,-0.178522085507468,-0.924168288900999,-0.427729751566259,-1.03486294425246
"NGC_6638",-1.07866935437705,-0.285145805095551,-0.519991928969961,-0.566565395977659,0.888035208764679,0.50097659011799,-0.501152948501784,-0.838690569465104,-0.517325621290477,-0.725905551971795,0.684532508129939,-0.00778951082239915,-0.067218638668142,-0.522567236995868,-0.0922860199499604,-0.0286491753441454,-0.19055016266,0.223837849265244,-0.672798842945551
"NGC_6637",-1.11960759248623,-0.39914745441433,-0.341361790176775,-0.576069465680015,0.888035208764679,-0.642348066233477,-0.39093528927114,-0.313566280112367,-0.157680947231834,0.026316817594143,0.426681697892652,0.507486630079304,0.47299592939631,-0.406059576978084,-0.423165164648599,-0.178522085507468,-0.690744339642499,0.549621649680996,-0.817624483468316
"NGC_6642",-1.06601692156338,-0.259203122077496,-0.57953530856769,-0.514293012614701,0.138982414684014,1.03901172251868,-0.589327075886299,-0.804212712083358,1.10107541197342,-2.12288995259425,1.20023412860451,-0.465812747179469,-0.347583161334503,-0.677910783686247,-0.0922860199499604,-0.103585630425807,-0.0905113272634996,0.549621649680996,-0.890037303729698
"NGC_6652",-1.12079996835349,-0.439705733498896,-0.142883858184346,-0.400244176186429,0.888035208764679,-0.171567325382873,-0.479109416655655,-0.287044851357179,0.201963726826809,-0.510984874952955,0.555607103011296,0.106716298266868,0.117411656746291,-0.211880143615109,-0.588604736997918,-0.178522085507468,-0.2905889980565,0.549621649680996,-0.890037303729698
"NGC_6656",-1.06548697673349,-0.299761401162062,-0.698622067763147,-0.409748245888785,-0.797333577916816,-0.978620023983908,-0.368891757425011,-0.342739851743075,0.0221413897974878,0.133777156103564,0.426681697892652,0.793751152802473,0.753360452062671,-1.18277731042998,-0.0922860199499604,-0.178522085507468,-1.52440130128,0.875405450096748,-0.63659243281486
"Pal_8",-1.03759863006041,-0.272357158537355,0.541865007189535,0.255536633276135,1.63708800284534,-0.104312933832787,0.116065943189821,-0.65834485392982,-1.41643730643708,0.885999525669502,-0.47579613793785,-0.351306938090201,-0.470670024944125,0.642509363181977,-0.25772559229928,0.0462872797375161,0.5097216851155,0.223837849265244,0.232361410321728
"NGC_6681",-1.112122121764,-0.480994792386787,-0.390981273174882,-0.585573535382371,0.888035208764679,-0.0370585422827003,-0.545240012194041,-0.358652708996188,1.10107541197342,-1.37066758302831,0.942383318367225,-0.122295319911667,0.0285155885837861,-0.639074897013653,-0.588604736997918,-0.25345854058913,-0.557359225780499,0.223837849265244,-1.17968858477523
"NGC_6712",-0.963075138356816,-0.181740462924992,-0.544801670469015,-0.485780803507633,0.138982414684014,-0.171567325382873,-0.346848225578883,-0.615910567921518,-0.697147958319799,0.133777156103564,0.168830887655366,0.135342750539185,0.0216774294943628,-0.444895463650678,0.0731535523993589,0.0462872797375161,-0.4906666688495,0.875405450096748,-0.202115511246566
"NGC_6715",-1.09383902513272,-0.538726396849502,0.214376419402027,-0.058097666901613,-0.984596776436982,-1.65116393948477,-0.457065884809526,0.0869072940909822,0.561608400885452,-0.0811435209152764,1.00684602092655,2.39683248005222,2.43554758806084,0.176478723110839,-0.588604736997918,-0.328394995670792,-0.690744339642499,0.875405450096748,-1.50554627595145
"NGC_6717",-1.04568028871626,-0.422167018219084,-0.465410497672043,-0.561813361126481,-1.54638637199748,0.769994156318334,-0.589327075886299,-0.666301282556377,1.28089774900274,-2.01542961408483,1.13577142604519,-0.523065651724102,-0.354421320423926,-0.600239010341058,-0.423165164648599,-0.328394995670792,-0.1572038841945,1.2011892505125,-1.03486294425246
"NGC_6723",-1.13053770460276,-0.656016555283246,-0.395943221474693,-0.557061326275303,0.513508811724346,-0.440584891583218,-0.126412907117595,-0.252566993975433,-0.87697029534912,0.671078848650663,-0.153482625141242,0.0494633937222346,-0.0877331159364124,-0.677910783686247,-0.754044309347238,-0.328394995670792,-0.824129453504499,0.875405450096748,-0.455560382161404
"NGC_6749",-0.891201370802684,-0.104277803772489,-0.217313082681507,-0.319459583716403,1.82435120136551,0.568230981668076,-0.21458703450211,-0.878472712597887,-1.59625964346641,0.348697833122403,-0.153482625141242,-0.465812747179469,-0.5800805703749,0.759017023199762,0.900351414145955,0.495906010227485,0.943223305166999,-0.101945951150507,0.775457562282096
"NGC_6752",1.09807903440522,-0.960386343368319,-0.64900258476504,-0.404996211037607,-0.422807180876484,-0.440584891583218,-0.479109416655655,-0.175654850585386,0.0221413897974878,-0.403524536443536,0.74899521068926,0.650618891440888,0.623435429363626,-1.33812085712036,-0.588604736997918,-0.403331450752453,-1.391016187418,1.2011892505125,-1.17968858477523
"NGC_6760",-0.891797558736313,-0.167124866858482,-0.64900258476504,-0.400244176186429,1.07529840728484,0.164704632367558,-0.501152948501784,-0.759126283199537,-0.157680947231834,-0.618445213462375,0.620069805570617,0.0780898459945513,0.0490300658520564,-0.289551916960299,0.734911841796636,0.420969555145824,-0.19055016266,1.2011892505125,-0.0572898707238012
"Ter_7",-1.10854499416223,-0.756864168142166,0.953706716073825,0.664211630477443,0.00789817571989798,0.702739764768248,0.248327134266593,-0.167698421958829,0.00415915609455565,0.778539187160083,-1.05596046097174,-0.981088888081172,-0.99720827482973,0.526001703164194,-0.588604736997918,0.00132540668851926,0.809838191304999,-1.40508115281351,0.59442551162864
"NGC_6779",-0.715922118315834,0.280843152580053,-0.366171531675828,-0.219666851841665,-1.73364957051765,-0.171567325382873,-0.324804693732754,-0.234001993846801,0.0221413897974878,0.026316817594143,0.0399054825367227,-0.294054033545568,-0.272363411350845,-0.406059576978084,-0.423165164648599,-0.403331450752453,-0.457320390384,0.549621649680996,-0.310734741638639
"Pal_10",-0.783622570334565,0.0758594177472487,-0.326475945277343,-0.271939235204623,0.00789817571989798,0.971757330968594,-0.39093528927114,-0.684866282685009,0.00415915609455565,-0.296064197934115,-0.0890199225819202,-0.780703722174954,-0.77838718396818,0.836688796544952,1.23123055884459,0.00132540668851926,1.209993532891,-0.753513551982011,1.06510884332763
"1Arp_2",-1.07442979573792,-0.783537630963547,0.551788903789156,0.284048842383203,-0.984596776436982,1.17352050561885,3.00376861503268,0.0842551512154633,0.00415915609455565,1.9606029107637,-1.95843829680225,-1.26735341080434,-1.2502201611384,0.370658156473814,-0.588604736997918,-0.403331450752453,0.9098770267015,-1.40508115281351,1.5719985851573
"NGC_6809",-1.07270747504077,-0.874154326575909,-0.599383101766933,-0.462020629251743,-0.422807180876484,-0.23882171693296,-0.0382387797330805,-0.409043423631047,-0.517325621290477,0.671078848650663,-0.47579613793785,-0.437186294907152,-0.456993706765278,-1.10510553708479,-0.588604736997918,-0.328394995670792,-1.0908996812285,0.549621649680996,-0.0572898707238012
"Ter_8",-1.09284537857667,-0.921289623890405,1.53921661545149,1.2344558126188,0.00789817571989798,0.433722198567903,1.7913743634956,2.09723159373429,0.00415915609455565,1.53076155672602,-1.8295128916836,-1.18147405398739,-1.15448593388647,0.836688796544952,-0.588604736997918,0.00132540668851926,0.943223305166999,-1.40508115281351,1.35476012437315
"Pal_11",-0.920282093343019,-0.593169492197252,-0.167693599683399,-0.290947374609335,0.888035208764679,0.0301958492673857,0.556936580112395,-0.356000566120669,-1.41643730643708,1.20838054119776,-0.927035055853101,-0.63757146081337,-0.730520070342216,0.0599710630930545,-0.25772559229928,-0.0286491753441454,0.0762200650640003,-1.40508115281351,0.630631921759331
"NGC_6838",-0.755138035727858,-0.190509820564898,-0.634116739865608,-0.333715688269937,1.63708800284534,0.837248547868421,-0.368891757425011,-0.676909854058452,-0.87697029534912,-0.188603859424696,-0.0890199225819202,-0.63757146081337,-0.675814797626828,-1.10510553708479,-0.588604736997918,-0.0286491753441454,-0.524012947314999,-1.40508115281351,-0.129702690985183
"NGC_6864",-0.996527905743762,-0.964771022188272,0.0655179704077049,-0.115122085115749,-0.61007037939665,-0.844111240883736,-0.501152948501784,-0.281740565606141,0.381786063856131,-0.510984874952955,0.877920615807903,1.05138922325332,1.10894472471269,0.09880694976565,-0.423165164648599,-0.328394995670792,-0.3572815549875,-0.427729751566259,-1.25210140503661
"NGC_6934",-0.78580859275787,-0.714113549647624,-0.113112168385481,-0.110370050264571,0.138982414684014,-0.306076108483046,-0.412978821117269,-0.117307707323971,0.201963726826809,-0.188603859424696,0.297756292774009,-0.0650424153670329,-0.0261896841316013,-0.173044256942514,-0.588604736997918,-0.25345854058913,-0.2905889980565,-0.753513551982011,-0.672798842945551
"NGC_6981",-0.898090653591283,-1.21798622404056,-0.00891125408945602,-0.081857841157503,-0.422807180876484,0.0974502408174718,-0.21458703450211,-0.00061342080114043,-0.157680947231834,0.241237494612984,-0.411333435378528,-0.666197913085686,-0.634785843090288,-0.13420837026992,-0.754044309347238,-0.403331450752453,-0.0905113272634996,-0.753513551982011,-0.0934962808544922
"NGC_7006",-0.70856913380108,-0.733113824534087,1.08767932016871,1.0396223837205,-0.61007037939665,-0.440584891583218,-0.170499970809853,0.757899441597257,-0.157680947231834,0.456158171631823,-0.282408030259885,-0.322680485817884,-0.327068684066233,0.564837589836788,-0.588604736997918,-0.403331450752453,0.276297735857,0.549621649680996,-0.274528331507948
"NGC_7078",-0.70035498893775,-1.02177184684766,-0.371133479975639,-0.191154642734597,-1.35912317347731,-1.44940076483451,-0.545240012194041,0.423729439281879,1.64054242306138,-1.15574690600947,1.26469683116383,0.879630509619423,1.29357502012712,-0.522567236995868,-0.588604736997918,-0.403331450752453,-1.190938516625,-0.753513551982011,-1.54175268608214
"NGC_7089",-0.777461961687068,-1.33089170365435,-0.261970617379803,-0.167394468478707,-0.797333577916816,-1.38214637328443,-0.346848225578883,0.352121581642869,0.381786063856131,0.241237494612984,0.426681697892652,0.99413631870869,1.03372497472903,-0.444895463650678,-0.754044309347238,-0.403331450752453,-1.0908996812285,0.549621649680996,-1.07106935438315
"NGC_7099",-0.950952650373031,-1.73537832479502,-0.495182187470907,-0.343219757972293,-1.54638637199748,-0.104312933832787,-0.56728354404017,-0.257871279726471,1.46072008603206,-1.69304859855657,1.26469683116383,-0.0936688676393496,0.124249815835714,-0.833254330376627,-0.588604736997918,-0.478267905834115,-0.757436896573499,-0.753513551982011,-1.39692704555937
"Pal_12",-0.928893696828768,-1.76607107653469,0.110175505106001,0.074959308931371,0.513508811724346,1.50979246336928,-0.0161952478869517,0.458207296663624,-0.157680947231834,0.241237494612984,-1.24934856864971,-1.29597986307666,-1.22970568387013,-0.0565365969247289,-0.754044309347238,-0.328394995670792,0.709799355908499,-1.07929735239776,0.992696023066243
"Pal_13",-0.554023972783763,-1.58410690550664,0.358272920096538,0.535906689495637,0.700772010244513,2.51860833662058,-0.0161952478869517,-0.427608423759679,-1.23661496940776,0.133777156103564,-1.37827397376835,-1.35323276762129,-1.31860175203263,0.176478723110839,-0.588604736997918,-0.25345854058913,1.410071203684,-1.40508115281351,1.20993448385039
"NGC_7492",-0.777329475479595,-2.34338712116184,0.0952896602065693,0.203264249913177,-0.797333577916816,1.37528368026911,0.380588325343365,-0.029786992431848,-0.87697029534912,0.671078848650663,-1.44273667632767,-1.26735341080434,-1.2228675247807,-0.0953724835973244,-0.754044309347238,-0.478267905834115,0.609760520512,-0.427729751566259,1.06510884332763
